{"cameraMode":{"drawMode":0,"name":"Shaded","section":"Shading Mode"},"sceneLighting":false,"audioPlay":false,"sceneViewState":{"m_AlwaysRefresh":false,"showFog":true,"showSkybox":false,"showFlares":true,"showImageEffects":true,"showParticleSystems":true,"showVisualEffectGraphs":true,"m_FxEnabled":true},"in2DMode":false,"pivot":{"x":0.01963232085108757,"y":-0.00635163439437747,"z":-0.005423135124146938},"rotation":{"x":0.06371847540140152,"y":-0.257485032081604,"z":0.017018739134073259,"w":0.9640290141105652},"size":0.9993988871574402,"orthographic":false}